org_id,unit_id,stage,check_key,input_refs,label_a,label_b,notes
org_demo_alpha,UNIT-0014,prep,fnsku_label_placement,,,,
org_demo_alpha,UNIT-0014,prep,handling_marks,,,,
org_demo_alpha,UNIT-0014,prep,original_barcode_covered,,,,
org_demo_alpha,UNIT-0014,receiving,carton_count,fixtures/receiving/UNIT-0014_pallet.jpg;fixtures/receiving/UNIT-0014_carton.jpg;fixtures/receiving/UNIT-0014_unit.jpg,,,
org_demo_alpha,UNIT-0014,receiving,carton_damage,fixtures/receiving/UNIT-0014_pallet.jpg;fixtures/receiving/UNIT-0014_carton.jpg;fixtures/receiving/UNIT-0014_unit.jpg,,,
org_demo_alpha,UNIT-0014,receiving,identity_match,fixtures/receiving/UNIT-0014_pallet.jpg;fixtures/receiving/UNIT-0014_carton.jpg;fixtures/receiving/UNIT-0014_unit.jpg,,,
org_demo_alpha,UNIT-0014,receiving,quality_flags,fixtures/receiving/UNIT-0014_pallet.jpg;fixtures/receiving/UNIT-0014_carton.jpg;fixtures/receiving/UNIT-0014_unit.jpg,,,
org_demo_alpha,UNIT-0014,receiving,quantity,fixtures/receiving/UNIT-0014_pallet.jpg;fixtures/receiving/UNIT-0014_carton.jpg;fixtures/receiving/UNIT-0014_unit.jpg,,,
org_demo_alpha,UNIT-0014,receiving,unit_damage,fixtures/receiving/UNIT-0014_pallet.jpg;fixtures/receiving/UNIT-0014_carton.jpg;fixtures/receiving/UNIT-0014_unit.jpg,,,
org_demo_alpha,UNIT-0014,returns,completeness,UNIT-0014/returns/1.jpg;UNIT-0014/returns/2.jpg;UNIT-0014/returns/ref_1.jpg,,,
org_demo_alpha,UNIT-0014,returns,condition,UNIT-0014/returns/1.jpg;UNIT-0014/returns/2.jpg;UNIT-0014/returns/ref_1.jpg,,,
org_demo_alpha,UNIT-0014,returns,identity_match,UNIT-0014/returns/1.jpg;UNIT-0014/returns/2.jpg;UNIT-0014/returns/ref_1.jpg,,,
org_demo_alpha,UNIT-0016,pack,items_present,fixtures/pack/UNIT-0016_open_box.jpg,,,
org_demo_alpha,UNIT-0016,pack,no_extra_items,fixtures/pack/UNIT-0016_open_box.jpg,,,
org_demo_alpha,UNIT-0016,pack,quantities_correct,fixtures/pack/UNIT-0016_open_box.jpg,,,
org_demo_alpha,UNIT-0016,receiving,carton_count,fixtures/receiving/UNIT-0016_pallet.jpg;fixtures/receiving/UNIT-0016_carton.jpg;fixtures/receiving/UNIT-0016_unit.jpg,,,
org_demo_alpha,UNIT-0016,receiving,carton_damage,fixtures/receiving/UNIT-0016_pallet.jpg;fixtures/receiving/UNIT-0016_carton.jpg;fixtures/receiving/UNIT-0016_unit.jpg,,,
org_demo_alpha,UNIT-0016,receiving,identity_match,fixtures/receiving/UNIT-0016_pallet.jpg;fixtures/receiving/UNIT-0016_carton.jpg;fixtures/receiving/UNIT-0016_unit.jpg,,,
org_demo_alpha,UNIT-0016,receiving,quality_flags,fixtures/receiving/UNIT-0016_pallet.jpg;fixtures/receiving/UNIT-0016_carton.jpg;fixtures/receiving/UNIT-0016_unit.jpg,,,
org_demo_alpha,UNIT-0016,receiving,quantity,fixtures/receiving/UNIT-0016_pallet.jpg;fixtures/receiving/UNIT-0016_carton.jpg;fixtures/receiving/UNIT-0016_unit.jpg,,,
org_demo_alpha,UNIT-0016,receiving,unit_damage,fixtures/receiving/UNIT-0016_pallet.jpg;fixtures/receiving/UNIT-0016_carton.jpg;fixtures/receiving/UNIT-0016_unit.jpg,,,
org_demo_alpha,UNIT-0016,returns,completeness,UNIT-0016/returns/1.jpg;UNIT-0016/returns/2.jpg;UNIT-0016/returns/ref_1.jpg,,,
org_demo_alpha,UNIT-0016,returns,condition,UNIT-0016/returns/1.jpg;UNIT-0016/returns/2.jpg;UNIT-0016/returns/ref_1.jpg,,,
org_demo_alpha,UNIT-0016,returns,identity_match,UNIT-0016/returns/1.jpg;UNIT-0016/returns/2.jpg;UNIT-0016/returns/ref_1.jpg,,,
org_demo_alpha,UNIT-0038,prep,expiry_legible,,,,
org_demo_alpha,UNIT-0038,prep,fnsku_label_placement,,,,
org_demo_alpha,UNIT-0038,prep,original_barcode_covered,,,,
org_demo_alpha,UNIT-0038,receiving,carton_count,fixtures/receiving/UNIT-0038_pallet.jpg;fixtures/receiving/UNIT-0038_carton.jpg;fixtures/receiving/UNIT-0038_unit.jpg,,,
org_demo_alpha,UNIT-0038,receiving,carton_damage,fixtures/receiving/UNIT-0038_pallet.jpg;fixtures/receiving/UNIT-0038_carton.jpg;fixtures/receiving/UNIT-0038_unit.jpg,,,
org_demo_alpha,UNIT-0038,receiving,identity_match,fixtures/receiving/UNIT-0038_pallet.jpg;fixtures/receiving/UNIT-0038_carton.jpg;fixtures/receiving/UNIT-0038_unit.jpg,,,
org_demo_alpha,UNIT-0038,receiving,quality_flags,fixtures/receiving/UNIT-0038_pallet.jpg;fixtures/receiving/UNIT-0038_carton.jpg;fixtures/receiving/UNIT-0038_unit.jpg,,,
org_demo_alpha,UNIT-0038,receiving,quantity,fixtures/receiving/UNIT-0038_pallet.jpg;fixtures/receiving/UNIT-0038_carton.jpg;fixtures/receiving/UNIT-0038_unit.jpg,,,
org_demo_alpha,UNIT-0038,receiving,unit_damage,fixtures/receiving/UNIT-0038_pallet.jpg;fixtures/receiving/UNIT-0038_carton.jpg;fixtures/receiving/UNIT-0038_unit.jpg,,,
org_demo_alpha,UNIT-0038,returns,completeness,UNIT-0038/returns/1.jpg;UNIT-0038/returns/2.jpg;UNIT-0038/returns/ref_1.jpg,,,
org_demo_alpha,UNIT-0038,returns,condition,UNIT-0038/returns/1.jpg;UNIT-0038/returns/2.jpg;UNIT-0038/returns/ref_1.jpg,,,
org_demo_alpha,UNIT-0038,returns,identity_match,UNIT-0038/returns/1.jpg;UNIT-0038/returns/2.jpg;UNIT-0038/returns/ref_1.jpg,,,
org_demo_alpha,UNIT-0092,prep,expiry_legible,,,,
org_demo_alpha,UNIT-0092,prep,fnsku_label_placement,,,,
org_demo_alpha,UNIT-0092,prep,handling_marks,,,,
org_demo_alpha,UNIT-0092,prep,original_barcode_covered,,,,
org_demo_alpha,UNIT-0092,prep,polybag_sealed,,,,
org_demo_alpha,UNIT-0092,prep,suffocation_warning,,,,
org_demo_alpha,UNIT-0092,receiving,carton_count,fixtures/receiving/UNIT-0092_pallet.jpg;fixtures/receiving/UNIT-0092_carton.jpg;fixtures/receiving/UNIT-0092_unit.jpg,,,
org_demo_alpha,UNIT-0092,receiving,carton_damage,fixtures/receiving/UNIT-0092_pallet.jpg;fixtures/receiving/UNIT-0092_carton.jpg;fixtures/receiving/UNIT-0092_unit.jpg,,,
org_demo_alpha,UNIT-0092,receiving,identity_match,fixtures/receiving/UNIT-0092_pallet.jpg;fixtures/receiving/UNIT-0092_carton.jpg;fixtures/receiving/UNIT-0092_unit.jpg,,,
org_demo_alpha,UNIT-0092,receiving,quality_flags,fixtures/receiving/UNIT-0092_pallet.jpg;fixtures/receiving/UNIT-0092_carton.jpg;fixtures/receiving/UNIT-0092_unit.jpg,,,
org_demo_alpha,UNIT-0092,receiving,quantity,fixtures/receiving/UNIT-0092_pallet.jpg;fixtures/receiving/UNIT-0092_carton.jpg;fixtures/receiving/UNIT-0092_unit.jpg,,,
org_demo_alpha,UNIT-0092,receiving,unit_damage,fixtures/receiving/UNIT-0092_pallet.jpg;fixtures/receiving/UNIT-0092_carton.jpg;fixtures/receiving/UNIT-0092_unit.jpg,,,
org_demo_alpha,UNIT-0092,returns,completeness,UNIT-0092/returns/1.jpg;UNIT-0092/returns/ref_1.jpg,,,
org_demo_alpha,UNIT-0092,returns,condition,UNIT-0092/returns/1.jpg;UNIT-0092/returns/ref_1.jpg,,,
org_demo_alpha,UNIT-0092,returns,identity_match,UNIT-0092/returns/1.jpg;UNIT-0092/returns/ref_1.jpg,,,
org_demo_bravo,UNIT-0021,pack,items_present,fixtures/pack/UNIT-0021_open_box.jpg,,,
org_demo_bravo,UNIT-0021,pack,no_extra_items,fixtures/pack/UNIT-0021_open_box.jpg,,,
org_demo_bravo,UNIT-0021,pack,quantities_correct,fixtures/pack/UNIT-0021_open_box.jpg,,,
org_demo_bravo,UNIT-0021,receiving,carton_count,fixtures/receiving/UNIT-0021_pallet.jpg;fixtures/receiving/UNIT-0021_carton.jpg;fixtures/receiving/UNIT-0021_unit.jpg,,,
org_demo_bravo,UNIT-0021,receiving,carton_damage,fixtures/receiving/UNIT-0021_pallet.jpg;fixtures/receiving/UNIT-0021_carton.jpg;fixtures/receiving/UNIT-0021_unit.jpg,,,
org_demo_bravo,UNIT-0021,receiving,identity_match,fixtures/receiving/UNIT-0021_pallet.jpg;fixtures/receiving/UNIT-0021_carton.jpg;fixtures/receiving/UNIT-0021_unit.jpg,,,
org_demo_bravo,UNIT-0021,receiving,quality_flags,fixtures/receiving/UNIT-0021_pallet.jpg;fixtures/receiving/UNIT-0021_carton.jpg;fixtures/receiving/UNIT-0021_unit.jpg,,,
org_demo_bravo,UNIT-0021,receiving,quantity,fixtures/receiving/UNIT-0021_pallet.jpg;fixtures/receiving/UNIT-0021_carton.jpg;fixtures/receiving/UNIT-0021_unit.jpg,,,
org_demo_bravo,UNIT-0021,receiving,unit_damage,fixtures/receiving/UNIT-0021_pallet.jpg;fixtures/receiving/UNIT-0021_carton.jpg;fixtures/receiving/UNIT-0021_unit.jpg,,,
org_demo_bravo,UNIT-0021,returns,completeness,UNIT-0021/returns/1.jpg;UNIT-0021/returns/2.jpg;UNIT-0021/returns/ref_1.jpg,,,
org_demo_bravo,UNIT-0021,returns,condition,UNIT-0021/returns/1.jpg;UNIT-0021/returns/2.jpg;UNIT-0021/returns/ref_1.jpg,,,
org_demo_bravo,UNIT-0021,returns,identity_match,UNIT-0021/returns/1.jpg;UNIT-0021/returns/2.jpg;UNIT-0021/returns/ref_1.jpg,,,
org_demo_bravo,UNIT-0054,pack,items_present,fixtures/pack/UNIT-0054_open_box.jpg,,,
org_demo_bravo,UNIT-0054,pack,no_extra_items,fixtures/pack/UNIT-0054_open_box.jpg,,,
org_demo_bravo,UNIT-0054,pack,quantities_correct,fixtures/pack/UNIT-0054_open_box.jpg,,,
org_demo_bravo,UNIT-0054,receiving,carton_count,fixtures/receiving/UNIT-0054_pallet.jpg;fixtures/receiving/UNIT-0054_carton.jpg;fixtures/receiving/UNIT-0054_unit.jpg,,,
org_demo_bravo,UNIT-0054,receiving,carton_damage,fixtures/receiving/UNIT-0054_pallet.jpg;fixtures/receiving/UNIT-0054_carton.jpg;fixtures/receiving/UNIT-0054_unit.jpg,,,
org_demo_bravo,UNIT-0054,receiving,identity_match,fixtures/receiving/UNIT-0054_pallet.jpg;fixtures/receiving/UNIT-0054_carton.jpg;fixtures/receiving/UNIT-0054_unit.jpg,,,
org_demo_bravo,UNIT-0054,receiving,quality_flags,fixtures/receiving/UNIT-0054_pallet.jpg;fixtures/receiving/UNIT-0054_carton.jpg;fixtures/receiving/UNIT-0054_unit.jpg,,,
org_demo_bravo,UNIT-0054,receiving,quantity,fixtures/receiving/UNIT-0054_pallet.jpg;fixtures/receiving/UNIT-0054_carton.jpg;fixtures/receiving/UNIT-0054_unit.jpg,,,
org_demo_bravo,UNIT-0054,receiving,unit_damage,fixtures/receiving/UNIT-0054_pallet.jpg;fixtures/receiving/UNIT-0054_carton.jpg;fixtures/receiving/UNIT-0054_unit.jpg,,,
org_demo_bravo,UNIT-0054,returns,completeness,UNIT-0054/returns/1.jpg;UNIT-0054/returns/2.jpg;UNIT-0054/returns/ref_1.jpg,,,
org_demo_bravo,UNIT-0054,returns,condition,UNIT-0054/returns/1.jpg;UNIT-0054/returns/2.jpg;UNIT-0054/returns/ref_1.jpg,,,
org_demo_bravo,UNIT-0054,returns,identity_match,UNIT-0054/returns/1.jpg;UNIT-0054/returns/2.jpg;UNIT-0054/returns/ref_1.jpg,,,
